timestamp,co2_ppm,pm25_ugm3,temperature_c,humidity_pct,soil_moisture_pct,water_ph,water_turbidity_ntu
2025-04-30 22:53:04.081448,424.83570765056163,16.404959338675162,27.163585614090497,53.87211309515614,31.805191261552487,7.331440634333706,5.367287313401341
2025-04-30 22:58:04.081448,393.0867849414408,11.886502400897031,28.739096479969266,56.122984400640156,28.38455103296251,7.5867369287426625,6.838183676795122
2025-04-30 23:03:04.081448,432.3844269050346,13.959388748213623,21.959822182343835,62.85865390724905,43.21007580068185,7.090510779351853,4.776534017628148
2025-04-30 23:08:04.081448,476.15149282040124,12.534995326705836,29.795258849745785,63.34456789987025,40.04908544671317,6.351584026022077,4.650683203881803
2025-04-30 23:13:04.081448,388.2923312638332,12.053176215278942,27.34725255448491,66.5854427267283,31.559248274111383,7.199843975876321,4.980580394112267
2025-04-30 23:18:04.081448,388.293152152541,19.248010485105123,25.053032354957963,80.1020453876635,46.26217902672154,6.674321553104085,4.696820217165724
2025-04-30 23:23:04.081448,478.9606407753696,16.785077429825236,28.163756255443886,58.2305277250595,39.90882743495797,6.735691659125122,5.79994190194205
2025-04-30 23:28:04.081448,438.37173645764545,11.53545202369673,33.04340152406451,52.01702755461546,33.37584308245689,7.293182009377547,3.3836893915634123
2025-04-30 23:33:04.081448,376.5262807032524,19.497999377166252,26.742247966316803,46.20680771985473,22.502971425632133,7.6191415357168175,3.9463175808536457
2025-04-30 23:38:04.081448,427.1280021792982,16.536497604383047,26.906067670322887,52.69069960058081,46.45471286295371,7.010635788368031,3.932197078420807
2025-04-30 23:43:04.081448,376.8291153593769,19.0643105941948,24.747527156769404,59.66873027126203,28.05213766618202,7.154416506299482,5.9503075919735755
2025-04-30 23:48:04.081448,376.71351232148714,18.14814420961806,23.53974496163568,77.94557863517788,26.773006265215542,7.851107472317619,6.710613372581925
2025-04-30 23:53:04.081448,412.0981135783017,10.855024945389639,28.543435296936476,54.823887009638284,40.1128521600482,7.120376589744284,4.8955507814625285
2025-04-30 23:58:04.081448,350.0,12.199094799015153,23.446825248194806,62.237879516388986,47.19876203169636,8.300841557090198,4.83117827680999
2025-05-01 00:03:04.081448,350.0,18.736468025616308,26.191941194652085,59.83577103927248,41.921364092552594,7.282754822815772,5.070052163113181
2025-05-01 00:08:04.081448,371.88562353795135,18.051851327167324,24.505970785276432,71.88393273448084,37.8195456002618,6.1196186204220915,6.161878302608191
2025-05-01 00:13:04.081448,350.0,14.895492030179259,27.337136359314044,85.26932425873622,37.97377170832643,7.376670810552266,4.072646865809426
2025-05-01 00:18:04.081448,415.71236662976366,15.58663691654391,26.862008509477434,54.69131227079679,39.267077793901535,7.190579192441389,5.2383689827347855
2025-05-01 00:23:04.081448,354.5987962239395,21.388324478942124,28.93405753800065,55.10560557481778,38.79464294893383,7.644876377041372,5.975197629782429
2025-05-01 00:28:04.081448,350.0,12.042143055820851,24.251413060414304,70.44160877069072,36.40595711984688,7.336590675634979,5.5010941699398455
2025-05-01 00:33:04.081448,473.2824384460777,17.735486905850188,24.93149006913956,66.81891489626311,35.52100551975938,6.930772008008113,5.189581616598743
2025-05-01 00:38:04.081448,388.71118497567323,13.98903673783053,22.764123615172014,78.46707325736034,34.68703436050239,6.387850881855317,6.001046092567141
2025-05-01 00:43:04.081448,403.3764102343962,13.911593983863899,24.326501510297238,65.83928185325964,31.23017705566662,6.895488371356987,2.296767707000763
2025-05-01 00:48:04.081448,350.0,20.49388425993595,26.74993546788445,56.40707909212941,33.59662461566613,6.57473977289535,5.677875319530908
2025-05-01 00:53:04.081448,372.78086377374086,19.12708174494015,27.84735838620423,65.9065483069231,26.535215929023074,6.709738275097639,4.345924316872576
2025-05-01 00:58:04.081448,405.5461294854933,19.067548180003193,22.767980779623635,71.08703580582907,34.50830186602625,7.2942892022103045,3.169367103143543
2025-05-01 01:03:04.081448,350.0,21.527394035771646,28.101124346374966,68.20482181197364,30.057044464245415,7.834952252175703,5.511202599524981
2025-05-01 01:08:04.081448,418.7849009172836,15.105019208163796,29.516815685102586,65.07274031107298,29.482053413921143,7.19733576491149,6.373658545162957
2025-05-01 01:13:04.081448,369.9680655040597,18.40976485647482,26.647588211951458,70.66674689589154,35.89947075576739,6.402058468982408,4.862551485372308
2025-05-01 01:18:04.081448,385.41531251033615,13.44866621703272,30.99485848865849,71.69295590445672,41.960011431723,7.22230133411007,5.9528745472029385
2025-05-01 01:23:04.081448,369.91466938853017,16.62083176244221,23.000117533896933,73.82158991037527,39.59158303001156,7.598315743322826,6.612278257988645
2025-05-01 01:28:04.081448,492.6139092254469,14.349284728161576,21.544382091985877,66.48709887589642,27.147496981884114,6.6951085478403085,6.314914453584048
2025-05-01 01:33:04.081448,399.3251387631033,15.484979824963592,19.89891404820284,58.328819196831454,30.051859317148313,6.932991416663541,6.639964529371393
2025-05-01 01:38:04.081448,350.0,17.97578512718457,29.679824439508,61.46713686433323,39.70385593994108,7.007344097364599,5.7421274910718925
2025-05-01 01:43:04.081448,441.12724560515943,10.908896583832638,27.111313949452974,72.06508966508358,30.087563032308452,6.60755084345888,5.075433638901592
2025-05-01 01:48:04.081448,350.0,25.461936378427303,24.937917899754524,51.83064329012764,33.87683425001488,7.324140216921929,3.3980341881028315
2025-05-01 01:53:04.081448,410.4431797502378,9.96991309250149,25.900982905379106,63.686733088729014,37.75026049512276,6.939525925696109,4.753937511870052
2025-05-01 01:58:04.081448,350.0,8.92905693606134,21.640985929101618,56.06661187672639,30.158277725681824,7.2097662219535135,4.156753404683808
2025-05-01 02:03:04.081448,350.0,20.790554367500338,32.31107674770779,60.28744822934817,35.5268775307298,6.55625391109895,7.170942717497814
2025-05-01 02:08:04.081448,409.8430617934562,18.95831346981468,25.317864552520682,72.78451862607298,28.329872525408977,6.781270849838295,4.824114187567663
2025-05-01 02:13:04.081448,436.92332899977055,18.120599085260775,25.214798808687924,61.910990680199035,31.99316178024393,7.361190678913886,5.123204806784486
2025-05-01 02:18:04.081448,408.56841405949854,18.1417275463214,27.020381680240384,60.46436548156149,36.598909670712686,6.813583423954117,5.551485376040468
2025-05-01 02:23:04.081448,394.217585880588,14.938766135765427,26.242651571985988,46.40143859020081,27.035031332341653,7.863481925616703,5.043602446372454
2025-05-01 02:28:04.081448,384.9448152205356,10.513728142570843,25.427913386027097,67.46253566027221,37.202373689801995,6.800181907192699,6.695051040430753
2025-05-01 02:33:04.081448,350.0,15.379022790968632,22.341591389681703,66.45484181141076,34.901811005366596,7.112342362875943,4.377350638265548
2025-05-01 02:38:04.081448,364.00778958026456,11.614191442439441,26.08430985968663,81.6325472330546,37.76244977208574,7.466295415936545,5.194607455237243
2025-05-01 02:43:04.081448,376.9680614520106,19.875598667088756,30.27302541740763,56.92221765046999,36.119570670323306,6.290817133533484,4.257529414301952
2025-05-01 02:48:04.081448,452.8561113109458,14.264713092489307,28.620436756829413,62.19150327663939,41.82070214986922,6.119595594009612,3.6799774887792944
2025-05-01 02:53:04.081448,417.18091447842306,10.872514016037442,29.32115909807336,62.49383683710755,35.62612251323954,6.237171842714953,4.388230909094714
2025-05-01 02:58:04.081448,350.0,13.393070791735033,22.96559296259756,75.77453279763475,32.852972294373735,7.631292051713591,4.962963202951588
2025-05-01 03:03:04.081448,416.20419846973977,17.06465727137812,21.488304639494107,59.047044676130476,35.61148751516142,6.724070927053777,4.57069777548274
2025-05-01 03:08:04.081448,380.74588597918415,12.181377235980126,24.037895830255582,62.790215257703395,37.716490145181936,8.279099642834126,4.307579020126144
2025-05-01 03:13:04.081448,366.1538999847021,10.888898022167844,24.540847123898583,66.0789650971654,35.244300351628524,6.717876200671306,3.593682536328166
2025-05-01 03:18:04.081448,430.5838144420434,16.218436057459563,27.614960836945304,61.86609123156358,35.20295845601941,7.092275651598518,4.9168944273713056
2025-05-01 03:23:04.081448,451.5499761247975,16.224832855543614,19.21402403486011,55.535663854494715,31.490041560966223,7.771054976283938,3.4952796259689975
2025-05-01 03:28:04.081448,446.56400595580993,12.46528412314435,28.839437771550017,61.94089992898308,31.68549541224526,8.003046444079562,5.760055963689602
2025-05-01 03:33:04.081448,358.0391238388681,12.644808471908386,23.7364885914945,70.73631749859771,27.986973641001534,8.030751788318199,5.082439752934503
2025-05-01 03:38:04.081448,384.53938120743925,16.16024968678818,22.88997030484526,49.7348470058894,43.7478837159347,7.604183115296571,3.5424485005350697
2025-05-01 03:43:04.081448,416.5631715701782,7.759578292513379,21.094796359410662,61.32969674146876,28.780683823043574,7.512031262905731,4.6907909229501366
2025-05-01 03:48:04.081448,448.77725635611796,7.962681128117223,19.127448984923596,52.99879185060827,31.53547401102046,7.296263474600591,4.247843594409417
2025-05-01 03:53:04.081448,376.0412881077355,11.40777889373782,26.522872417516055,71.95046628924842,31.40796367215401,7.389180538083319,5.31917451041918
2025-05-01 03:58:04.081448,390.71705116680914,13.932764241440763,24.23510678135828,44.76813095216225,39.474621884722204,6.724407141835734,6.340450446023144
2025-05-01 04:03:04.081448,350.0,16.554537827990025,20.107531128622735,54.410781527284115,33.52525160853986,6.590900558288847,3.1248275303542554
2025-05-01 04:08:04.081448,350.0,22.376781084747762,20.05492515534274,63.772118750645205,41.23871036336867,6.998312771294524,5.115026079147417
2025-05-01 04:13:04.081448,440.6262911197099,19.288298116010097,22.89605944308979,75.65524029234341,31.63254687878066,6.914907688737536,4.83986720443336
2025-05-01 04:18:04.081448,467.8120014285412,14.200307350182864,28.874252102018513,59.34249738927012,36.39497081111901,6.773385975336362,5.671340076450465
2025-05-01 04:23:04.081448,396.39949392098333,14.904918960486556,23.052726614634317,54.44800473306802,30.823264733701215,7.348193723728357,5.213196628237689
2025-05-01 04:28:04.081448,450.1766448946012,9.987353176810956,19.286941094341582,78.8115706944059,45.72574563886694,7.477652604285256,4.248030668261181
2025-05-01 04:33:04.081448,418.0818012523817,14.90743432003805,23.0245829091225,45.51986099583756,29.062007904852436,7.044203443145924,4.680946064333382
2025-05-01 04:38:04.081448,367.7440122697438,13.556706805399308,22.90967285020146,38.01194043379918,36.54910355113514,7.738765040527631,4.203974143196511
2025-05-01 04:43:04.081448,418.0697802754207,16.613592801690448,15.60382056624984,64.40014450053333,38.168884404660496,6.429155442933247,6.076007138598598
2025-05-01 04:48:04.081448,476.90182832329845,10.863845282238385,23.498854187728845,54.97945775647389,37.06899548725749,6.903170270360141,5.021311648671942
2025-05-01 04:53:04.081448,398.2086980445024,17.596732571205862,22.936830428721247,49.787671828692865,34.07356170561146,6.641588839698597,6.901190685753008
2025-05-01 04:58:04.081448,478.23218279070034,22.66369456501289,25.686800565840553,67.08356447299353,34.35089650133287,6.06673169146347,4.9393391861853795
2025-05-01 05:03:04.081448,350.0,14.456199257715712,29.11426439798673,62.43800713771199,35.21905735989555,6.95865965707865,4.291593233089538
2025-05-01 05:08:04.081448,441.0951252187612,17.008558610494706,26.916987685404933,54.359213692632714,34.264989991857554,6.9391262458083585,3.486285607387173
2025-05-01 05:13:04.081448,404.35235341190855,18.450719958555563,22.70121917821211,47.19695601329106,39.81939558397455,7.756724871621065,3.1968603237440547
2025-05-01 05:18:04.081448,385.0496324767066,12.993897640570818,20.15961034257493,68.72457328280144,46.05261500795676,7.315405842277388,3.4158640569945105
2025-05-01 05:23:04.081448,404.5880388267751,16.120462409052084,31.17129412158521,66.50201177958661,32.21254107496083,6.487906587835398,5.267126651011483
2025-05-01 05:28:04.081448,350.0,15.062962003908975,23.601633794830022,59.00824136220617,28.150985102104613,7.927046283167094,5.508725023229934
2025-05-01 05:33:04.081448,389.0164056081244,15.48838049274416,23.439280250356717,78.46636996047665,34.55858975824373,7.610516847762677,3.418809297967867
2025-05-01 05:38:04.081448,417.85562857558733,11.134951080722669,23.299393701957353,49.29915233673847,47.898546688271594,7.291048851734308,5.895038314076116
2025-05-01 05:43:04.081448,473.8947022370758,15.122550871294713,23.94107478404919,44.74474829075261,30.981627160151348,6.886757950575084,4.516938948316561
2025-05-01 05:48:04.081448,374.0864890863176,17.489991456227248,22.889577628337324,53.080919301187556,43.195584027220335,6.52028038163826,5.146793011985549
2025-05-01 05:53:04.081448,359.57531985534064,22.25571803897521,21.578309529368166,59.54413983644502,43.388504070382204,6.8138966119644735,6.612220628255424
2025-05-01 05:58:04.081448,374.91214782077316,19.796354130426035,21.636164855395773,62.43339449322692,32.23205879146003,7.544374309852093,5.896839315865532
2025-05-01 06:03:04.081448,445.7701058851037,25.765912287557782,23.15674817520641,57.5876394214367,37.84491539592638,7.942293152967305,4.731469352094168
2025-05-01 06:08:04.081448,416.43755548298424,11.163262185559752,21.60383050088085,63.520553965142966,43.14198311564269,7.7716217641360945,4.1088077745847125
2025-05-01 06:13:04.081448,373.51198981164805,19.361603183603393,21.075504765146235,47.48460575809556,33.10436129506257,6.755575289106863,2.848184598670695
2025-05-01 06:18:04.081448,425.6633716556678,15.916710028691758,23.514120114375967,74.4376460407326,33.98209819948819,6.440191283355494,4.28084668075758
2025-05-01 06:23:04.081448,404.853877467402,25.94901466608836,22.41154426058326,59.178488216074314,32.09159543025678,7.070443123455602,4.788869761172306
2025-05-01 06:28:04.081448,448.43224952664445,10.958508573224243,27.670969258843183,71.17295831588127,29.926216346535668,6.115780317218574,4.012820472848816
2025-05-01 06:33:04.081448,364.89734530613237,10.80139078909612,15.189471469077114,63.42725346377704,31.753612274669965,7.161583857092391,4.8687430329076955
2025-05-01 06:38:04.081448,383.6168926701116,12.00303677277989,26.40117617727059,64.56753219153784,28.880298666188718,6.926198706850665,5.076851882958768
2025-05-01 06:43:04.081448,380.3945923433921,4.380521378450965,26.850077536707317,65.69767280232205,35.17041734129613,6.766981749065879,4.775144018191922
2025-05-01 06:48:04.081448,350.0,12.371224891596196,16.877716270185246,64.47708560017315,31.15013384470679,6.202648466366602,4.349997419176541
2025-05-01 06:53:04.081448,414.8060138532288,11.20433669223151,22.056794496149323,66.42722759867544,36.168929558953735,7.256800053284858,5.168654671966728
2025-05-01 06:58:04.081448,413.05276360899444,15.751968932381038,21.95841649559538,73.29152530132431,27.220521768981865,6.733649580169044,5.441940649569409
2025-05-01 07:03:04.081448,400.255672832123,16.708779878885796,18.83900309643303,61.9652116970147,36.654401161072286,6.415041582144856,3.909600922557154
2025-05-01 07:08:04.081448,388.27064333124264,24.380854196079433,20.717809807656902,67.09003757588512,39.16764480804462,5.563868893359175,6.41093237974627
2025-05-01 07:13:04.081448,350.0,19.75211919093025,19.710181518633345,59.102643057127736,25.031321787142723,6.986242547474681,4.901411867715738
2025-05-01 07:18:04.081448,378.96773386173203,12.115481721687985,28.290301515142957,74.40117215449473,36.87028284923786,7.886125798334872,5.018849622944848
2025-05-01 07:23:04.081448,382.8642741736615,10.50792664325821,25.83304244632192,53.2360769794073,41.13834496236646,7.830629607273935,5.708214423256557
2025-05-01 07:28:04.081448,359.88613653891906,17.459595857532527,26.834129147499333,78.00940432910815,28.951794906543974,6.771451871706864,5.233216131263502
2025-05-01 07:33:04.081448,391.93571441669957,8.398833964896788,25.178879278219853,59.59842049355657,43.362861934188516,6.6988939698191095,5.953136633913245
2025-05-01 07:38:04.081448,420.2025428407269,24.15729382927177,19.622052289613954,45.69224897881952,37.095095046830224,7.234387128037512,5.287124165201824
2025-05-01 07:43:04.081448,494.3092950605265,20.897200603606436,21.43193883096171,61.28104414910789,31.474940721207957,6.500807280405854,4.387562625359562
2025-05-01 07:48:04.081448,408.72889064159193,12.654121739476476,24.470864614174605,53.18948342525119,34.72115461171147,7.150895949909733,5.361503525206102
2025-05-01 07:53:04.081448,412.8775195361382,6.434327354545612,19.33454939165074,68.40643548988724,37.791634562608614,7.383040139192345,3.856273792679338
2025-05-01 07:58:04.081448,396.2777042116916,21.769361870827062,25.139071444388822,53.47376020697609,35.38002695706206,7.613466611942154,5.108559705776523
2025-05-01 08:03:04.081448,350.0,14.42730077373691,22.27919515037758,55.538165667852205,37.693779962231844,6.9499229617600236,4.966770009355539
2025-05-01 08:08:04.081448,398.67430622753915,21.189081559867308,21.876755923313016,41.10459269054469,30.39663203460317,6.898163124911517,4.79188314272746
2025-05-01 08:13:04.081448,403.01151049705135,7.0278617060281645,25.13609656349578,55.47693680750923,35.84680412018039,6.5610087066217195,4.871462488561069
2025-05-01 08:18:04.081448,523.1621056242643,12.003124885231136,24.338955266991864,35.76120673371044,27.9314275154751,6.58655982298007,3.1181509545023607
2025-05-01 08:23:04.081448,390.3819517609439,15.026218498590916,21.927164466040935,44.16097176514277,34.443869693256495,6.8867605540492365,4.4512750922590385
2025-05-01 08:28:04.081448,415.07736711668065,15.234902968823711,26.492897106810098,67.60414656144297,30.480461792676053,7.183682753408089,5.092844901141115
2025-05-01 08:33:04.081448,398.26441151473784,12.749672642603782,19.77750724356097,67.85800158650832,31.322350287051165,7.456792313116624,5.1598563919974
2025-05-01 08:38:04.081448,350.0,18.114249661737492,24.875235617758328,64.25457561784965,41.18046587605219,6.598410524659828,3.9723248590740416
2025-05-01 08:43:04.081448,457.14114072575103,9.661897853087028,24.814402978454133,50.33023856870787,40.45655060297135,7.746344284479761,6.2657078408647005
2025-05-01 08:48:04.081448,437.5966516343387,14.288102574893532,22.115065480590417,59.5228864385802,38.045690604535885,6.864438199478716,4.1338251517855
2025-05-01 08:53:04.081448,439.5515973521523,15.601478158559495,24.031640549805456,59.963974609094315,29.538436176637106,6.989316352825782,5.969457200526737
2025-05-01 08:58:04.081448,354.53062726026303,17.572194170293745,19.310363990087875,48.416353108074574,33.41795775152599,6.626394160426088,5.427194361871685
2025-05-01 09:03:04.081448,470.13971554680495,18.55807439044445,25.84717058471341,75.0339830176715,41.06548849989592,5.787879869863529,4.353772690156197
2025-05-01 09:08:04.081448,350.0,9.376789540810654,22.53268407874496,68.77362290575671,35.70858456819953,7.442022698180525,6.775310892609512
2025-05-01 09:13:04.081448,429.3428546900135,7.329429146321889,21.53243268603913,57.79035826170336,46.59664769990847,7.368421948546216,3.8063631682435197
2025-05-01 09:18:04.081448,509.5227812904989,21.388384109492545,26.26174469532631,60.26885838994531,36.96658919697186,6.859336221440893,5.919154173610002
2025-05-01 09:23:04.081448,350.4731837434656,16.661570059897958,21.0166985089997,62.08382807947552,35.960245582450156,7.033495358612436,6.000582318042978
2025-05-01 09:28:04.081448,371.6851135198614,11.257567317217232,18.920248401775748,39.58265131575709,33.4544176789875,7.25796960885205,4.329379790923355
2025-05-01 09:33:04.081448,404.98256825438204,22.755759877612615,18.49253005913049,57.52822617479403,35.66770452391141,6.218727071556729,6.392465300064329
2025-05-01 09:38:04.081448,374.82621729419003,15.578373171464293,24.99810731228383,53.180157520022014,34.23765081809728,6.735473661326853,4.749953485401047
2025-05-01 09:43:04.081448,350.0,20.896485920319133,19.357315463865973,49.983799901050844,38.54054338344295,7.397132339810914,5.288693629279857
2025-05-01 09:48:04.081448,403.42814874030137,15.337592407050545,28.482369497576357,57.18899707114045,39.783511583972924,6.3728552884153755,5.260321838771221
2025-05-01 09:53:04.081448,350.0,25.303739624409936,16.99243029993806,77.97686526849523,31.070052697460252,7.146778966083315,4.865691258529452
2025-05-01 09:58:04.081448,423.6796215317591,23.77670421221602,28.348657712990317,66.4084286126701,28.34383523221111,6.321709097688298,5.8108082731597825
2025-05-01 10:03:04.081448,354.02878828830984,13.755179257604633,23.91423957860495,54.28821010217203,25.818973134483517,7.233214991216763,5.793488720552213
2025-05-01 10:08:04.081448,477.496720250877,19.85785475477178,23.013764472075973,65.72582781356158,37.53995663456272,6.982179258851258,3.2514680267618195
2025-05-01 10:13:04.081448,360.83733538318813,18.226879747925736,21.692670427877633,73.99355436586002,29.483166969130632,6.192434092047245,6.304340242878153
2025-05-01 10:18:04.081448,383.89692418971623,21.843157787661745,24.549155965812183,69.24633682912769,24.235547035237587,7.582369677228586,3.3375080119643257
2025-05-01 10:23:04.081448,440.6758608684835,10.175382697099478,23.26394792879543,60.59630369920174,36.94289302265482,6.632704211600975,6.032546204341657
2025-05-01 10:28:04.081448,350.0,18.430257299992196,26.71263462595498,53.53063222294426,47.46499758716395,6.59487378149281,6.126705136827583
2025-05-01 10:33:04.081448,411.37299673020647,20.29212243424794,23.77204908422463,66.9822331361359,34.96964544230053,7.100284598615471,3.9090335697848015
2025-05-01 10:38:04.081448,465.3571377141214,6.206302567884428,23.907656117610195,63.934853854217494,39.19245387225821,7.574318674714357,4.589185712045415
2025-05-01 10:43:04.081448,350.0,9.083707436671125,22.39403339459033,68.95193220027733,35.40914679273782,6.4920890905108015,3.8942953315140643
2025-05-01 10:48:04.081448,409.2316929266152,4.803839111199498,23.34287347788201,66.35171801681969,34.50555173404429,7.030839924923986,4.785078969711265
2025-05-01 10:53:04.081448,412.9941397124212,13.652965827777212,24.466663366911376,70.49552715319335,39.59538241493884,7.214408250165286,4.691965715814259
2025-05-01 10:58:04.081448,439.0911435888655,18.58771127897981,18.44299392372176,54.64764788439432,33.548627279056745,7.346552803631572,5.7796605322693395
2025-05-01 11:03:04.081448,350.0,22.51178526048014,19.5598628139995,73.17394065634326,36.33696157035951,7.088220777638613,6.310308746119608
2025-05-01 11:08:04.081448,350.0,15.370473902098876,25.86579556194315,61.975996046923996,36.60848903098007,6.816486080458339,6.395683810789956
2025-05-01 11:13:04.081448,426.09707828084487,23.143077727856458,24.180832982382157,80.75260872625265,31.659547731784755,6.58620488967564,4.437831973421698
2025-05-01 11:18:04.081448,414.8492336616593,8.099492708925542,23.149153894281596,53.10812181910432,39.960211747682614,7.043071941523188,4.790778126255472
2025-05-01 11:23:04.081448,412.52464251729384,6.483087803224226,23.78989114207115,77.3596380316525,34.12520121652296,6.463930494007196,3.31656180777905
2025-05-01 11:28:04.081448,417.32241047484877,14.722261505516906,24.811422165433697,61.979107834626475,31.221274202535778,5.539324758252697,4.194129933503811
2025-05-01 11:33:04.081448,365.99876392107547,16.920327244696537,22.184071757930596,53.48581996385552,37.68254921785202,7.218279902078834,5.9648516330974575
2025-05-01 11:38:04.081448,411.61268485805016,14.836526259529535,21.503679912371183,55.16114165945678,30.507660091044812,7.451967420543098,6.615582823548232
2025-05-01 11:43:04.081448,414.65362366493406,4.662789499800617,24.461925909902906,56.7965269180568,35.14090578684564,5.818533782229081,3.765651128120078
2025-05-01 11:48:04.081448,364.28242909868163,14.554399802436057,20.97560359712485,64.24165946401916,34.954405016778985,6.495134647645031,4.407535740847106
2025-05-01 11:53:04.081448,493.28872555723785,8.477652497475734,25.172330419839675,65.228354880355,40.42947782915789,7.309577130502599,4.973594243041073
2025-05-01 11:58:04.081448,423.6916460455894,18.348362744150194,18.877172461365074,54.26299996061421,37.373491164399766,8.02874773485585,5.280161158819607
2025-05-01 12:03:04.081448,350.0,16.83299123048424,27.110224428983024,59.756454077390174,34.87486520627428,7.010396853837704,4.190396480078354
2025-05-01 12:08:04.081448,432.8276804316915,10.300601068363225,25.478849321667347,81.42270358611864,39.08883149600143,6.635998529385433,5.424061044464089
2025-05-01 12:13:04.081448,351.26591648863393,12.430665413316532,24.86789232086676,77.27543170100711,41.951037745086566,6.9085517794475795,4.526160652929084
2025-05-01 12:18:04.081448,439.3542301871226,9.703932390555241,27.087050758219952,64.36323669674032,37.78905153175931,7.6874382095740925,4.985547729121721
2025-05-01 12:23:04.081448,457.9297789503702,14.68660451363414,29.174985628160776,60.380034781682,35.051763099216906,6.6770179104377325,5.546284248003699
2025-05-01 12:28:04.081448,358.9658840824145,19.775711602506192,27.261647938075846,61.200313267182615,28.4408188382492,6.600403996674873,5.006422269810938
2025-05-01 12:33:04.081448,448.1688064622161,10.071369768322281,18.73626243098539,66.13517972730416,29.674431684623137,6.758628238908984,4.5636141094734315
2025-05-01 12:38:04.081448,420.6390463468249,17.520232577589223,20.46085433727396,49.77207434801595,33.473876478226664,6.523335695870644,4.890390196074169
2025-05-01 12:43:04.081448,441.10300799972447,12.348711908137796,22.46616297638739,57.42623462576655,31.952438989203586,7.061335157997398,4.911637040794664
2025-05-01 12:48:04.081448,494.8396491326974,11.035635838688279,24.46023916188261,43.314159261224106,34.06514348507277,7.81233922923478,4.629988970117872
2025-05-01 12:53:04.081448,387.73059419985645,14.46484820022721,25.976584525139188,63.992231226052795,35.283249624485535,7.161539636558015,4.741203937332898
2025-05-01 12:58:04.081448,362.3131917821255,9.823788387903129,22.28829180838309,66.4719593970274,37.64846377178365,6.873823248936856,6.598647170504717
2025-05-01 13:03:04.081448,355.5242785187238,12.231753473264089,25.06799370737325,55.16813537700626,34.647506109704544,6.8540943655422275,5.560919447941239
2025-05-01 13:08:04.081448,359.2094857517281,9.010610537055758,22.2839490942523,75.73986763290033,37.43250821913101,6.218404595651672,4.704519681970839
2025-05-01 13:13:04.081448,396.1449145292948,24.823625664581947,22.758163088743803,47.74234336997659,35.3223720740506,7.441554888573579,5.696954404510736
2025-05-01 13:18:04.081448,417.0575987408322,15.176317759858643,20.415545658471036,45.3562511979018,25.12266716823064,6.961081401493599,4.66618051024399
2025-05-01 13:23:04.081448,413.8345399665009,11.501372460037071,21.908815130459637,62.24451818559972,30.303323030906228,6.909760043204687,6.173124637586641
2025-05-01 13:28:04.081448,441.3591624518012,16.06989955367111,20.66659998123087,70.47098302612154,34.27956222139192,8.596553783922431,5.369642192198094
2025-05-01 13:33:04.081448,400.65009459389535,14.438359751545851,21.837305446152328,76.83927691457869,28.95152628579446,7.1493764541828435,4.892697855995771
2025-05-01 13:38:04.081448,472.67670385786585,13.895152002333885,27.96923388478307,55.4111573713106,37.999643649981024,6.624104474952408,5.447716925810278
2025-05-01 13:43:04.081448,386.7671583381022,18.070833500217127,22.00358635311337,70.78680833431295,42.65375416171849,6.7868212018972285,3.4291238479315007
2025-05-01 13:48:04.081448,536.008458329481,18.787538550236526,32.79247428202629,59.61491530499293,41.09380925848659,7.574222854598378,3.8732325310901947
2025-05-01 13:53:04.081448,431.2833673882503,12.347494261947363,26.41887667622302,58.273727000591805,33.93278564534896,7.056635205268882,3.8060749936009444
2025-05-01 13:58:04.081448,357.1421221791859,12.1209087967766,25.537055300087875,68.83659937486672,42.45363068424976,6.280861010841317,5.142943094763707
2025-05-01 14:03:04.081448,350.0,13.62474151424178,22.45110585059905,66.52322878413419,35.74333728601056,7.459614467287602,6.732514999485092
2025-05-01 14:08:04.081448,424.12362076215925,3.4903941763220754,27.170728631631974,44.236078430157505,33.31457014440981,6.665927957230503,7.231300146192632
2025-05-01 14:13:04.081448,388.82686073370746,7.424044689007239,23.386472096413435,74.76540349725896,31.9329866822953,7.936648888108773,5.638051101440757
2025-05-01 14:18:04.081448,435.70002470460463,21.834371337222624,25.522947635391777,73.80091354147451,33.48765156755936,7.540024032857325,5.500844474944457
2025-05-01 14:23:04.081448,423.66188122867726,23.224838567506417,32.880629738030535,53.74437298490471,33.05911590729386,6.776339052170624,3.1989422658472613
2025-05-01 14:28:04.081448,396.3585543671564,13.754819802218108,24.955558987636348,63.95803533437409,35.85208111187744,7.640508180867556,4.457326200265978
2025-05-01 14:33:04.081448,357.6603140965798,17.882784815278832,28.734805222839384,64.94030186282738,35.802869905249324,7.033927755263702,4.212216248091761
2025-05-01 14:38:04.081448,350.0,16.556250772717682,23.220565936343693,62.60673765823907,35.01523010076707,7.426386837561109,4.379152401748884
2025-05-01 14:43:04.081448,377.67425239664897,30.39440404227619,25.268082600526583,54.4969484615458,37.18469084873175,7.2423664086472375,4.83185618141521
2025-05-01 14:48:04.081448,442.8199397161736,20.597874557172883,30.72822528854205,53.283766320619485,40.95323137393171,6.576821672504563,4.527909422302873
2025-05-01 14:53:04.081448,410.7046872065102,14.360412042596167,23.577499608481524,59.744459290085544,39.74777067720662,6.678225083841269,3.020700189624212
2025-05-01 14:58:04.081448,350.0,10.222297796997871,30.93810568209967,71.72729019259364,27.575510157750482,7.5149804087905805,5.7479102561175335
2025-05-01 15:03:04.081448,408.6590462925591,6.967768398712138,27.666136706096577,65.43600154594432,22.230394325490224,6.83261233394673,3.9272569742601933
2025-05-01 15:08:04.081448,419.26586898644183,16.017318179336115,23.89734308176267,56.29385667913894,39.67159955619637,6.798175768379002,5.239246864111149
2025-05-01 15:13:04.081448,355.80712818994334,11.218246273578483,27.523550830134063,67.71698710648344,28.165606507922895,6.522438710325323,7.0740826697499735
2025-05-01 15:18:04.081448,407.6862552972764,7.888731452011629,28.585277067347732,31.514573793699245,33.87617299053658,7.21179953279673,4.080615408413577
2025-05-01 15:23:04.081448,402.9104359223,11.767135578787368,27.57401196264702,71.48765700372104,29.149434869703203,8.031262459621573,2.4697124772536703
2025-05-01 15:28:04.081448,350.0,9.592259981928025,21.038539027160454,42.60286221221901,25.9900978120999,6.466233542872864,4.713995778119889
2025-05-01 15:33:04.081448,417.88936801741414,23.435708175362823,23.60807618529393,56.37559058596868,37.70731364102394,7.012109728336379,6.100959634998571
2025-05-01 15:38:04.081448,428.0392263184117,19.408198784747253,25.086830578657967,48.803301053738565,38.79577580151324,7.706110277707714,6.958347454220593
2025-05-01 15:43:04.081448,454.1525621587638,14.960136793416913,25.6455902275087,47.053185242790946,32.1174479963664,6.960179304377142,3.7704504055475834
2025-05-01 15:48:04.081448,452.69010260174514,22.39972069445013,27.769997292131126,71.6082678737852,22.04478853927545,7.226185898124867,5.496699223236522
2025-05-01 15:53:04.081448,350.0,15.386841538238091,26.479742337169448,55.32298798688109,32.268777758737585,6.46880323592656,4.5346895432199466
2025-05-01 15:58:04.081448,353.10874800424386,10.693578993358681,21.97881404407663,63.46503881730716,36.959020027012734,7.214153548603824,4.894051645695864
2025-05-01 16:03:04.081448,425.75176336043296,22.615620386348287,27.163179725171993,59.53079421120816,27.605442156129357,6.906427867497726,7.644343347017035
2025-05-01 16:08:04.081448,425.68929754561043,17.694550218423295,27.89159576431788,64.77040827223121,35.91679959889578,7.4928649978399315,3.497029671604847
2025-05-01 16:13:04.081448,425.7523843153024,9.813769228367718,27.775957802832945,60.768218910602556,34.923450754135025,7.593693025782375,5.253739661494573
2025-05-01 16:18:04.081448,592.6365745327361,14.048306609581958,29.37515465051353,47.1700777581143,37.89645749800544,8.294781821009307,5.467693171765434
2025-05-01 16:23:04.081448,428.54452553465836,10.621908733076214,28.67026579492158,69.9626681944714,35.59790184207077,7.289816586606788,6.085786324939347
2025-05-01 16:28:04.081448,456.77828200902997,8.08600134517832,27.581170283989405,55.06243416838687,30.13465529559222,7.162898158291084,5.097983153470896
2025-05-01 16:33:04.081448,447.7000881746601,19.630887737658206,26.027690764243726,44.434181013402494,40.982857508322454,7.097192150788668,5.308050539504102
2025-05-01 16:38:04.081448,432.5695625652899,24.547083202350652,21.28927364000755,55.718848390340874,34.20735213486515,6.823416853594656,4.608351432578209
2025-05-01 16:43:04.081448,384.2365377679827,8.007162130904295,27.594374162323202,75.00759790634311,34.86347730245034,7.169241921730846,5.269126941245108
2025-05-01 16:48:04.081448,437.9484610246634,17.814846183452854,26.96132427420705,68.50221742113493,30.333660204634022,6.852299294930486,4.656807724502589
2025-05-01 16:53:04.081448,361.3587392731214,11.746787154390866,27.185102492238837,56.51347865592141,32.78358874404245,7.084230488134807,5.6215718898560505
2025-05-01 16:58:04.081448,388.15906966299957,12.56437308117652,22.571572801138775,56.50742295681571,30.575986429865495,7.6587987678039795,4.630389663956366
2025-05-01 17:03:04.081448,375.7318226085448,12.038030378805654,23.18943426562452,56.783649487826175,34.135269700382885,6.496728717360179,5.377100393902187
2025-05-01 17:08:04.081448,404.09370696931614,10.68004615160092,29.62216596323705,80.76747983560841,43.558542400711715,7.5699392805645225,4.970737186315022
2025-05-01 17:13:04.081448,515.7329283336754,15.242608139724135,26.373449288553434,63.819354522315535,28.140494285343216,7.658557533669932,6.126050250772169
2025-05-01 17:18:04.081448,350.0,10.84524941794481,28.565314023317935,64.3004164719107,26.932193010616295,6.94096573650446,4.948606276411514
2025-05-01 17:23:04.081448,434.31300951872566,16.352284128899193,26.633740416555753,70.30283454031843,42.35585163746804,5.939072550495703,3.2269675317931186
2025-05-01 17:28:04.081448,350.0,14.748809452754315,26.66528992570068,62.387891590265134,33.95338161424067,6.696089006452784,6.261921500713992
2025-05-01 17:33:04.081448,376.4034067105283,13.805259765667952,29.417359043310114,57.40957854179297,31.654636306700418,7.6484972732805545,4.094267699137381
2025-05-01 17:38:04.081448,454.4475298483683,10.462181689792011,25.080096852060517,58.03650150915022,40.199523436980385,6.988565968850559,4.34623366135118
2025-05-01 17:43:04.081448,403.21400095477316,12.116143347158337,26.941541829077327,59.283987405859364,31.97192230131568,6.500348883852545,4.404338705956508
2025-05-01 17:48:04.081448,350.0,18.77695612912878,25.29051526977572,59.627777634901584,44.13004856773468,6.747612539385892,6.374438093170817
2025-05-01 17:53:04.081448,364.23481453700157,17.504585938121902,25.397215767694178,67.2762954363698,38.38962935669635,7.420310013252276,2.8643257860213045
2025-05-01 17:58:04.081448,433.9798874467338,10.112223776007244,25.795741950477133,60.519458858072994,32.560442959271484,7.2733667841006895,8.137748533659995
2025-05-01 18:03:04.081448,363.48166841414314,15.496661527146129,27.41139332904673,67.3264007721558,45.786541066327516,6.880533950415153,6.056056809066051
2025-05-01 18:08:04.081448,410.8229294790987,18.756935616858947,25.32964932072742,59.19283419891418,31.97142538498331,6.816587794092656,5.223238914129159
2025-05-01 18:13:04.081448,402.2785919951907,6.652973594393142,30.553226263542836,60.786351903160906,38.71047686004653,6.804120925478089,4.945105999383713
2025-05-01 18:18:04.081448,367.4199826197091,17.716800961899676,24.12134866204121,40.01799315467892,36.49646290203246,6.538794907750749,5.285554074857657
2025-05-01 18:23:04.081448,507.19720446626627,11.686881205270767,26.262909154670098,69.16327674702481,41.50870644699399,7.807687844734721,5.521122428379338
2025-05-01 18:28:04.081448,431.6959511159006,17.852993342965796,25.521816532082358,63.46488475897993,42.807555983634266,6.83883976539433,5.645215585950057
2025-05-01 18:33:04.081448,350.0,11.183704217287415,31.198552758805047,69.98010109859652,35.160020745328836,7.608579260412748,5.555604466003448
2025-05-01 18:38:04.081448,409.3227157384714,5.975589496677404,27.46300870803152,31.037446218063106,31.232910648269083,7.7606580259612254,5.089580681255248
2025-05-01 18:43:04.081448,366.9106767615806,6.862287810584187,29.983711659191474,80.88374704780728,37.29986071469558,7.49915544907398,4.802661579692674
2025-05-01 18:48:04.081448,442.6216667398112,15.24042473330691,22.44543191347939,58.604103718448265,31.61142315123947,6.784189843640976,4.848726716346488
2025-05-01 18:53:04.081448,360.37396307836497,16.29861250860741,27.716293519217405,71.08182816737516,45.066936237633115,7.201865045168304,4.805091719647319
2025-05-01 18:58:04.081448,394.26317792665503,10.478416874477958,29.596153293287557,49.60094072874469,35.68267665541369,6.987902196804542,6.133770096867065
2025-05-01 19:03:04.081448,425.24936394902284,18.19296229388687,27.18531378723978,66.12773905062569,33.17339224343946,6.548149069634936,5.593556722280862
2025-05-01 19:08:04.081448,443.2877597085061,6.6923996886552,30.145181254766523,49.46584436826344,35.92340152932454,7.162179640860802,2.0596113653357198
2025-05-01 19:13:04.081448,350.0,14.669601006763417,25.40622559466805,53.76231039304195,28.264368552351517,6.410480104420099,5.655900776529761
2025-05-01 19:18:04.081448,383.2749382079526,8.944919001187717,31.19455213568465,79.14031353866787,30.141929807446743,7.593839694230782,5.194736194718775
2025-05-01 19:23:04.081448,376.2527344419522,11.740819460989204,33.87068710397821,58.09317599236653,41.00206953972213,6.767691351350804,4.981291243554103
2025-05-01 19:28:04.081448,367.3335383713144,15.23699335658207,25.892020456164165,62.17432873179723,31.71552860514302,7.10057982793642,4.611481546911114
2025-05-01 19:33:04.081448,488.27271201405483,10.697933173580239,25.64962934970754,68.70067730688754,29.7654450865903,7.141643935773071,6.124112719986013
2025-05-01 19:38:04.081448,420.2490855480478,13.077222278850874,31.35094582808746,64.95681887972604,37.68326376263643,6.870547513147962,5.947526462122858
2025-05-01 19:43:04.081448,350.0,20.0314640460722,31.73321680739111,61.504189051435766,40.928520773314986,7.293346900737637,4.227122332176391
2025-05-01 19:48:04.081448,445.8930973527388,12.115540652384256,25.42867898804934,63.64961002466225,38.594766553325336,6.762548171688738,5.407052287124535
2025-05-01 19:53:04.081448,506.10780985063167,19.17846056032571,25.738506730385854,84.03415585238275,39.98023842902908,7.435648648728622,4.028343265458714
2025-05-01 19:58:04.081448,451.62326302755736,9.35146572671191,26.15457001954682,59.42381202966415,31.216024557152696,6.327010159876625,3.6203818352110693
2025-05-01 20:03:04.081448,350.0,17.649020889576413,22.966477122045184,62.010990467149675,27.89094666629078,7.063189789773206,4.3732827754100345
2025-05-01 20:08:04.081448,375.78829635668745,22.207843103289502,24.242825814585593,70.50654396007612,42.506668259777435,7.969464499529142,5.862393472382759
2025-05-01 20:13:04.081448,463.34555745933113,2.6417774993635526,23.98436104085849,71.05525932957984,33.38660080578932,6.499834337697212,5.953125045376087
2025-05-01 20:18:04.081448,364.61652671906097,11.015523722647616,24.69044197215387,71.8703030556038,33.745834917724764,6.661127514737574,5.513085420097293
2025-05-01 20:23:04.081448,422.1909714073114,17.8853606359027,26.88588237434148,66.38730222029184,41.64097070924529,7.256953924829458,5.725095786847997
2025-05-01 20:28:04.081448,438.73170267146685,13.984773069785037,27.687736500892207,48.569950872695166,37.7811500470033,7.089790890969799,5.5161782871149585
2025-05-01 20:33:04.081448,353.65347642109583,16.855729366856544,31.63080425208157,76.33431532301096,37.279438860408035,7.1753150496367795,4.3585184047770476
2025-05-01 20:38:04.081448,397.02373219691,11.980074066420897,23.977509080858088,48.53654606981312,45.825011724505416,7.244593565073831,5.431922544673941
2025-05-01 20:43:04.081448,350.0,15.4329489373645,29.91786799088077,63.02635465239033,31.782408848099287,7.317360734280885,5.800409525227682
2025-05-01 20:48:04.081448,350.0,14.221613823039602,26.314328668791084,52.45724149980642,39.63920064040619,7.5548499209781115,5.754291329813574
2025-05-01 20:53:04.081448,387.371592430342,20.838910308299035,26.798367387963598,59.35861653407007,35.28506562448542,7.2049093284642565,6.1889133714746425
2025-05-01 20:58:04.081448,350.0,16.272104216506065,28.960753757256025,63.2876241030348,36.34296139431628,6.879371172690729,5.708303847201064
2025-05-01 21:03:04.081448,481.62056519658177,16.68801331037601,23.5567444082204,63.21357215450273,42.64234213206266,7.336286850601366,5.351448207541583
2025-05-01 21:08:04.081448,350.0,12.940615169387662,28.059838750478225,64.21920754235285,37.53917878144812,7.949940967447608,6.070150238316428
2025-05-01 21:13:04.081448,377.9977756651508,12.561968879637533,27.398754877042922,76.13711269058646,37.69148039524816,6.933683126808713,4.97347874075094
2025-05-01 21:18:04.081448,406.53702886430455,12.837209060901895,28.362636774208806,64.5353430151398,40.362536686549014,6.512735347664679,4.118125348772282
2025-05-01 21:23:04.081448,472.06366445330576,16.972260711891483,27.737776351095476,57.558433647093516,33.17523635228557,7.553540334643486,4.836933036056236
2025-05-01 21:28:04.081448,350.0,12.895077595898686,34.22026812886626,69.64087168288357,30.803951663304968,6.939809418023201,4.255097355193551
2025-05-01 21:33:04.081448,458.158187607748,16.448874284482066,24.924362467543848,71.89470488924641,29.775954029894834,5.913665226992982,4.324821725025618
2025-05-01 21:38:04.081448,400.51165305097936,25.377003993227195,25.226931676747633,47.72392184863008,25.16821705311999,7.423710838575211,4.8554813292844825
2025-05-01 21:43:04.081448,350.92456744760244,19.355623517158463,24.931974899370886,65.97400069849859,45.28103564970161,6.732335907023039,4.207580079000039
2025-05-01 21:48:04.081448,423.10517371316354,13.369882339160794,25.115581690895972,67.01172742310898,29.483958171391585,6.954733358847919,4.69203847036096
2025-05-01 21:53:04.081448,409.9529847786735,21.006069610819722,24.84962009449122,57.02436496640008,33.89373188207114,7.165990165284507,3.106385333046214
2025-05-01 21:58:04.081448,369.98915614206027,12.959623134892244,30.307760985202453,73.75706813311619,33.6159335005554,7.095249839889533,5.213293707372938
2025-05-01 22:03:04.081448,403.490104249501,4.809377324110731,30.98032556697247,58.499444129674735,36.537033489045506,7.354725908569519,5.001205475362224
2025-05-01 22:08:04.081448,380.73432015691196,9.95956844541298,24.983857311064423,61.255764534715425,39.078686062696484,6.782256814715078,4.182911368931809
2025-05-01 22:13:04.081448,405.6758672625624,5.646040394870722,24.175505592382834,58.2692817571613,39.30236744179873,7.2565528990880415,5.659245668432405
2025-05-01 22:18:04.081448,433.10653372605236,13.242432579793457,28.062499046403243,60.155790475814676,32.08461280715531,6.870226661208042,5.937570137626558
2025-05-01 22:23:04.081448,479.3008408072676,15.092091895947759,24.96647883108711,49.037249131047986,34.16439143106794,7.369405240443752,3.392440135631026
2025-05-01 22:28:04.081448,350.0,23.382186561376415,28.496066473361118,45.59949117405706,36.4128997524415,7.307683742006526,4.237275221433785
2025-05-01 22:33:04.081448,506.65166873281333,16.634636868820813,27.17940292431539,75.94505063224972,33.75654436908226,6.532280648977702,4.230857650212702
2025-05-01 22:38:04.081448,350.0,13.904497355955678,21.996016821783744,51.53038651681672,43.03672788009996,7.542991058087516,4.0600968988911355
2025-05-01 22:43:04.081448,392.41074524822085,19.147027905917447,31.157645572758284,50.08607650543693,37.45487475819126,6.732018277442976,5.829474841931749
2025-05-01 22:48:04.081448,429.41586032422885,3.944323454960575,31.873922670241353,38.466098863962856,38.67438893024909,7.404028899140573,4.8061738612271965
